name,email,phone,address,date_of_birth,national_id,bank_name,bank_account_number,iban,credit_card_number,credit_card_cvv,salary,medical_notes
James Chandler,lawsonbrian@example.net,(574)652-5029x56817,"1022 George Creek North Williamfurt, MD 83174",1984-09-03,482-35-1033,HBL,UEZR86484975217646,GB37HOHQ57452127976637,4857977390221195533,500,140801,Second yet pattern fast resource authority beat next exist.
Tracy Ballard,william15@example.net,+1-901-340-8407x000,"858 Shannon Meadow Parkerbury, AL 00548",1981-09-04,043-36-7334,UBL,PGVC44961903876412,GB33KIUP67668578411498,6587954012946618,824,77519,Form country war season two sell program start want seat Mrs reality.
Joan Vazquez,michaelmurphy@example.org,(453)902-4597x6654,"362 Brandy Orchard Suite 753 West Nicolemouth, MA 53480",2007-04-02,630-29-3181,Standard Chartered,IOHI89703329559678,GB91TEJE45178648880569,2245658892380698,874,110085,New now although physical no toward total mention.
Darlene Kelley,ashley15@example.org,001-898-994-0859x8905,"708 Booker Harbor Burkeberg, ND 27804",2006-11-06,120-34-1036,Meezan,UDED38227699812036,GB69ZKKT18329232548442,630417379900,680,77793,There sit suggest once by beautiful catch drive often simply.
Tyler Zavala MD,oconnorandrea@example.com,374-367-9048x2376,"86508 Brian Mountains South Catherinefurt, NM 83084",1961-07-13,620-66-5652,Standard Chartered,QOUN44205545459468,GB69ZGVQ91901098588741,4797648493697,535,47272,Expect space leave necessary such hope.
Kelly Davis,michelle35@example.net,(933)552-2375x441,"611 Contreras Garden Apt. 758 Garciachester, WI 04796",2003-10-21,779-94-7131,ABL,CCUP67204676726175,GB91NWQB32572205636912,567575277221,721,130426,Individual member herself particular herself institution.
Jocelyn Coleman,beardjoshua@example.org,(722)944-4286x8517,"8075 Shane Trail Apt. 856 Barbaraton, TN 43731",1997-03-25,601-44-5247,AL_Falah Bank,XQNZ51648429562644,GB70UIKJ88448326575012,4053371646469,546,52719,Arrive indicate live best surface exist baby conference player pattern economic edge.
Kimberly Myers,brandon36@example.net,(256)666-8904x705,"94079 Nelson Ridge East Michael, NY 92213",1970-06-13,365-76-2728,ABL,YNFD53811847783585,GB84ZOUT13199291487611,180095626664678,481,70887,Team wife high hour across nice could.
Bill Russell,paul77@example.org,001-966-217-3376,"07536 George River West Amandachester, IN 87803",1978-01-08,426-78-5167,HBL,YPKA87199117078811,GB22NTKI55639197967435,180066658020105,736,84135,Management their million strategy ever as lot put interesting war officer.
Jeremiah Reese,jamesvaldez@example.com,262.527.4760x296,USS Dickerson FPO AE 31366,1969-04-03,430-83-5725,Standard Chartered,VONL08844540658301,GB44IDMH66239787398136,3585137816872920,075,94872,Scientist Mr out civil cell national hold line.
Anthony Daniels,melaniewright@example.com,776.696.5550x19222,"6488 Sharon Hollow East Annaville, MD 76423",2006-04-12,814-83-7422,AL_Falah Bank,WOTJ28297690395197,GB41ZBAE74548129544667,30349360776640,891,51867,Meeting hard include young parent administration all.
Terry Stewart,gfranklin@example.org,001-578-959-3938x2167,"72318 Allen Camp Apt. 862 Deborahland, CT 92256",1980-06-27,163-31-7294,Bank AlHabib,SJSK21748100152603,GB98PPBN48772275950689,3537703748451874,721,70977,Cut instead agent through against pattern.
Leslie Chen,swalton@example.org,711-790-6853x836,"1993 Laura Creek Apt. 479 Port Elizabeth, UT 87328",1982-04-16,354-09-5256,ABL,WABF64551206313157,GB52PXBQ85792570677475,342307009456555,706,117271,Rather week thank fill worker law.
William Anderson,mcintyrelori@example.com,+1-943-256-0228x063,"2870 Jordan Villages Suite 516 South Lindsay, SC 27740",1974-12-18,022-37-5007,Meezan,RSIP09989536651210,GB37NGTE07720572192652,180068719970971,548,86456,Significant join success better none trouble response term couple action history guy prevent.
Lisa Flores,muellersamuel@example.com,4842736710,"429 Mitchell Trace Lake Janeport, DC 05226",1994-10-24,476-84-1844,Bank AlHabib,BTKN63332991762670,GB69SNCB88164092498699,4062324335575,159,141550,Treatment cost daughter seek to door member space decide stage.
Jared Hendricks,waynedavidson@example.com,001-615-975-4587x474,"505 Miranda Glens Apt. 895 Lake Edgarchester, MP 58273",2002-03-12,747-53-4472,AL_Falah Bank,RHOS87804206522203,GB12QOPC65687150874739,2674383312601454,0216,107429,Hold debate easy should close black.
Courtney Long,dawnsilva@example.com,(278)541-0166,"637 Ortiz Canyon Suite 215 Port Colleenville, MA 82676",1993-09-04,820-11-2171,Standard Chartered,AVZF66297721632029,GB89VRGP63805733431472,213104338889507,559,119253,Group apply exist condition crime in.
Timothy Martin,pholden@example.com,001-277-333-2486x0977,"386 Emma Valley Lake Debbie, HI 54836",1985-11-18,611-24-1235,Bank AlHabib,UBFF05023999855504,GB83ZDVH30642142987416,213192547022416,0917,77181,Maybe almost side try seven keep development none their.
Dustin Lee,tonygrimes@example.com,+1-414-554-0228x5816,"0160 Gerald Tunnel Suite 496 West Chelseaport, NH 78127",1968-05-10,145-43-0566,AL_Falah Bank,UDBA10469103845612,GB27IYFU06996969270696,3571959654927102,010,88878,Lawyer less product yourself song or teacher name quickly my author remain for.
Christopher Garcia,nathan48@example.com,+1-330-608-0655,"467 Sharon Alley Apt. 889 Hannahtown, DC 81712",1957-04-11,747-03-6984,Meezan,THKN40516246750557,GB73XYOI24694465630454,4663037924932386930,528,69929,Must street study smile side degree hard arrive pull final.
William Jones,llewis@example.org,001-875-214-3238x92344,"874 Dean Islands Apt. 085 Port Kenneth, MA 36882",2004-12-14,663-94-2948,AL_Falah Bank,KXKO44046764771161,GB76OSOH11576835586740,563404646165,508,99286,Son similar deep gun wait customer stage along wall among few wrong.
Adam Haney,maria68@example.com,422.235.9274,"104 Patrick Dam Cameronmouth, TX 52836",1973-04-19,184-97-4852,HBL,OPNM77362043577556,GB50ETUZ78979036576397,213134813997137,301,146657,Ground value night garden rate report always law hard century two end.
Judy Keller,rlowery@example.org,5198254447,"31298 Norton Garden Apt. 348 South Stephen, TX 89286",1976-07-27,840-46-1643,HBL,FHXW24301321997955,GB23YCDF26758504502226,676124870905,249,33540,Inside account rich then throw network arm tough voice necessary time.
Michelle Mcpherson,chelseawilkerson@example.com,2104060270,"587 Lucas Lock Apt. 874 West Meagan, PR 29628",1958-08-18,260-85-4669,Meezan,TBCW25839762823854,GB82UDMX43470477263340,4219767663521,222,75549,Tonight middle range debate member too figure keep pressure wrong thought hair agent full.
Michaela Torres,danielrogers@example.com,401-973-0867x099,"7881 Jordan View Suite 873 Port Steven, GA 01628",1993-09-03,260-79-6679,Standard Chartered,NMNX62394967214689,GB03KNQM48385172343227,3531387685980776,157,31179,Account worker soldier check success laugh would partner.
Jessica Cisneros,jennifer88@example.com,484.910.0558,"48692 Adam Isle Howardfort, FL 29436",2006-05-25,871-51-8011,UBL,YSCI42530373626953,GB68IJDE76259715739606,3511997993825457,305,69346,During say at office music similar today table agree actually either economic economic.
Mr. Robert James,paulreilly@example.net,001-606-398-2286x78774,"1459 Rogers Flats Suite 371 Derrickview, NC 29259",1962-06-06,293-17-2803,UBL,ZWAQ08784619263936,GB80JWBH29634691829932,3579815675914721,373,62854,Within end suddenly positive field fact policy treat plan choice.
Carrie Ayala,jconley@example.com,+1-785-610-5307x224,"7460 Jon Lock East Ethan, VA 74672",1992-04-12,401-66-3066,AL_Falah Bank,MWVY07699279491413,GB93IVCL20669174454514,4174906208097989209,266,116739,Letter exist help sport fish entire policy work painting decide benefit fear light.
Carl Calderon,lmcdonald@example.org,(342)876-3317,"857 Fowler River Waltersport, MA 60305",1974-09-09,527-24-6878,Meezan,VWBW79313012864428,GB52LHDP22636855463181,3559822807977018,2698,43596,Fine course hold try similar though five.
John Simmons,jacobsjames@example.org,740.416.6329x0032,"PSC 8910, Box 5793 APO AP 64255",1971-04-22,863-84-7377,Meezan,VGYN59588644506474,GB15QPRF53418967367106,344931814016821,010,46048,Size man difference culture record wear about.
Stacy Turner,marksjoel@example.net,001-837-638-2913x36687,"1728 David Crescent North Dana, MH 83439",1959-02-14,144-48-1436,UBL,SHNK47755852498665,GB55AITK37255050574944,3544262521557952,225,97443,Little attorney place several there important political hard science.
Jennifer Sanchez,michelle93@example.org,(291)309-6872x7416,"PSC 0262, Box 6138 APO AE 25866",1973-05-10,629-68-8417,ABL,PVLY43286802371466,GB74FUOI45436067540576,6011651240587356,329,81966,Image success we eye single so.
Ashley Hicks,wallaceanthony@example.com,786-663-7821x2746,"73827 Baker Harbors Suite 387 Baileyfort, OR 03789",1992-06-08,763-22-8467,Standard Chartered,XQQH47362173377102,GB22CKEZ54780569203136,4090540339170241,044,33246,Same hold hospital do like unit with.
Michael Green,dthompson@example.net,(450)252-9272x6547,"1895 Michael Alley Suite 769 Fischerview, NJ 30959",1984-05-27,876-79-9572,HBL,FWEP11582028528132,GB95UYBI08161666118547,4827039037103463,020,107946,Street national suffer enough far reduce contain administration father real.
Sarah Phillips,letyler@example.org,472-342-6122x7271,"37854 Hernandez Dam Gordonmouth, AR 03046",1971-08-16,289-29-5379,UBL,WXHC09006281159694,GB10BBJY14757240696269,213112071472407,646,30474,Crime again term message condition eye food follow bar.
Michael Hughes,jody64@example.com,+1-834-884-8796,"6904 Huang Valleys East Erika, AL 81628",2006-02-20,290-49-8115,AL_Falah Bank,HOHL04542219086390,GB41QTYA73813382165718,4527000091083176765,284,46550,Kid kid special young piece speech she operation.
Bethany Stanley,timothywallace@example.com,001-534-902-6605x875,"48730 Smith Brook New Valerieside, MN 55784",1969-09-01,681-31-3392,Meezan,TBGN34732279723290,GB27SSMM47152887882805,578255928397,120,59078,Appear quality how hard Mrs police magazine hair fund.
Justin Rose,william17@example.com,001-807-292-5232x938,"1701 Thomas Fords Apt. 824 Josehaven, WV 92690",1997-05-15,768-83-8629,AL_Falah Bank,CYFX54839638304750,GB92QFRC18343675442294,4238603418498249,900,148504,Effort bill realize majority build edge second war see kitchen stay show.
Jessica Moore,xbrown@example.com,(303)515-9384,"529 Lyons Forks Apt. 354 Lake Jamieview, NJ 16375",1990-06-30,199-37-4890,UBL,MTVF62213326581184,GB93LLKK80357691029836,501804613559,872,43954,Success around style perhaps attack democratic test general.
David Cruz,salazarmichael@example.com,907.917.4014x36851,"50308 Adam Mountains Apt. 101 South Barry, MP 84249",2005-05-17,395-65-8860,Standard Chartered,IPLP37545552176932,GB43IURC69603793636205,180089062657692,207,77589,Two statement to star action officer image similar.
Natalie Smith,williamsmichelle@example.net,001-261-515-8873x393,"92414 Monica Route New Erichaven, PW 95726",1996-12-28,274-63-8669,UBL,CYZC29709040111077,GB64PSDS36533036108829,4816673729073414679,844,78199,Turn perhaps rather conference because dog it consider free these method.
Charlotte Martin,xhorne@example.com,(397)853-0465,USCGC Bell FPO AE 47707,1972-10-18,577-72-0904,Bank AlHabib,RYNO71880852858995,GB37XUZK31962854125996,30203228906024,509,118663,Beat sell than wait lawyer show theory theory seat enter pass watch staff.
Richard Boyd,opeters@example.net,(281)441-9621x4134,"31107 Ashley Lakes South Hannahmouth, SC 57772",2006-01-06,180-64-6797,Standard Chartered,OFLX55371882396105,GB22NBCI13026353155227,3599742735487769,115,77825,Address meeting seem threat home system practice run argue long computer.
Morgan Francis,esantos@example.com,001-923-612-6207x43167,"1450 Hunt Trail Lindaville, DC 80208",1972-11-03,141-65-1798,HBL,DBPP26061140200399,GB57MNMW31942804546750,4863248303544,067,93624,Group upon agency dog where executive owner floor.
Sabrina Bradford,marissa03@example.com,439.319.7707x157,"95813 Ashley Fields Meganfurt, ID 35444",2004-12-15,733-70-8492,AL_Falah Bank,GRBJ60785743425257,GB75UICL78432398642312,2296775914720350,8667,70140,Safe before tax answer protect thousand under culture light relationship model play.
Benjamin West,hortonmegan@example.net,591.579.7255,"5304 Elizabeth Gateway Apt. 787 Marieton, TN 46620",1961-08-28,105-91-5952,Standard Chartered,WCNG11115792696430,GB89KRPU66593304198378,4472225706259713640,893,99232,May future them establish mouth country business.
Corey Davis,imunoz@example.com,+1-857-721-7869,"3001 Padilla Manor Suite 995 Irwinton, VI 06979",1968-11-07,507-62-5239,Bank AlHabib,VZNG95194434046464,GB65KTEX89568447494433,4895368347869,916,72891,Recently exactly community news commercial pass seat article unit another figure color thought.
Angelica Lawrence,adam92@example.org,001-494-307-4150x290,"6578 Hudson Street Suite 725 Port Raymond, NY 41932",1983-07-18,641-97-4745,Standard Chartered,EBFH87186442508301,GB57EWCO91686667063541,3590216984358608,011,115711,Interest including occur various including watch computer attack.
Eric Mcintosh,yruiz@example.org,(254)520-5454,Unit 8746 Box 6463 DPO AP 72162,2006-05-15,896-68-0242,UBL,SYYX02597428603115,GB12PHBT02688661343637,213157885904863,765,63174,Between relate right force assume ago area usually someone be way summer whether.
Alicia Meyer,kelly85@example.org,001-565-375-1369x58243,USNV Shepard FPO AE 54381,2003-02-03,741-19-1987,ABL,HWTQ48060398724382,GB76YMZE84669708015867,4534548534010165,816,85802,Reflect decision any business letter dinner usually fast responsibility section north score.
Douglas James,iritter@example.com,774.647.6073x920,"04724 Coffey Crossing Port Amanda, OK 33311",1965-05-12,885-97-4323,Meezan,UBOQ28010431399192,GB78HYQI75540710619719,30317507080945,023,134764,Congress enter eye range man current in among.
Carrie Johnson,dgardner@example.net,430.962.1243,"PSC 1815, Box 1920 APO AE 02777",2001-04-20,533-01-7893,UBL,CSTZ09458865143880,GB66YHLW15462826413745,676315900388,406,130965,Window bar land since character interest perform may piece.
Andrea Gordon,hwhite@example.org,001-475-990-5605,"010 Gonzales Mountain Suite 645 New Cynthia, AZ 64024",1997-12-08,207-41-6467,AL_Falah Bank,QJXN18700913003832,GB74DQKF68365545051051,36007961157081,214,103306,Skill your life win follow cut.
Kirk Moody,joanne40@example.com,323.519.0600,"220 Robinson Hill Lake Tommyshire, AK 55896",1986-08-23,093-18-0161,ABL,ILLR05934385549603,GB96HYFJ71045360475881,6590606367036628,739,138973,Hotel these environment nothing heavy as here suggest world skill heavy affect hour.
Janet Stevens,christopherhayes@example.net,001-373-273-3087,"19323 Dougherty Flat Port Brianna, KS 92474",1961-01-02,350-75-7038,Standard Chartered,KXUC94329234860861,GB23USDU04729708427134,3576088446810718,295,100777,Example support quickly town site officer quickly realize rock.
Danny Odom,riddlesarah@example.com,+1-978-490-3175x7260,"56407 Levi Villages Suite 521 West Adrianton, WV 28120",1989-08-02,194-11-5773,Bank AlHabib,WGFD54937829121654,GB97SSEJ04827861884024,676220363664,201,35682,Project south our clearly wonder door however person total one.
Christopher Wagner,robinsontanner@example.net,516.222.9310x3957,"57364 Amy Extensions South Neilland, VT 39324",1997-03-03,568-28-9172,Standard Chartered,CXIM46483026727610,GB39NLZS85316608904723,4810902053360,808,140309,Business ahead best arrive just court its head such him.
Sean Ramirez,xroman@example.net,932-621-4983x63593,"066 Marquez Villages Suite 608 North Jeremiah, NE 18824",1999-05-03,111-76-9043,AL_Falah Bank,VSKR73141220931309,GB66UNDS36029581471067,560673951953,178,61478,Small opportunity black last share piece fire turn grow state why under environment.
William Burns,waterswilliam@example.com,472.296.0067x541,"939 Renee Island Apt. 067 South Carrieburgh, MP 59227",1967-01-22,233-97-9736,UBL,ZGBZ37364301895937,GB48QSMN52399738490283,060445729266,942,86803,Professor myself author professional identify total identify interest thought.
Nathan Stephenson,mkim@example.net,772.275.0202,"60076 Denise Ferry Apt. 761 Geraldfort, HI 34683",2001-07-07,437-84-2464,Bank AlHabib,ICPI48722019994780,GB91XNEG43974323207226,3592144580566770,9167,73604,Property air card health sign artist recent up fact send should out election include.
Johnny Mckenzie,juan40@example.com,702.594.1083,"43247 Lopez Estates Paigemouth, AZ 10901",2005-09-21,646-10-6226,HBL,JPIC89609058813408,GB02GUTE99658089231420,639093153745,1957,101942,Inside house military listen area affect per someone radio southern this ever history.
Leslie Wong,anthony95@example.com,+1-638-287-1602,"517 Horton Keys Bauerport, MS 66889",1959-11-08,427-74-7080,AL_Falah Bank,AVGA19456854796461,GB58GORY27324255768940,6546783918911362,517,127676,Ask try them raise production explain.
Richard Hanna,amanda14@example.com,690-737-4230x99592,"982 Justin Grove Jasonport, KY 31984",1984-11-13,810-06-6894,UBL,UDGO31003217730469,GB47UIHJ77338526446559,3554732939810547,237,77172,According trade the him senior student.
Joel Johnson,erika89@example.net,(444)449-5694x5393,"51708 Ortiz Village Suite 115 Port Joel, MA 17432",1970-04-02,110-09-4511,UBL,KYAU07756603096916,GB25XPKR27301803296767,6556631404557255,5149,66286,Seat fact possible mouth move can program final only.
Patrick Alexander,carolinebennett@example.com,820.540.6479x15281,"56987 Fuentes Fall West Tracy, VT 90120",1985-12-27,165-54-1600,ABL,KBRE15584807567918,GB92CJQC15634818574626,36646201562699,504,51861,Them military have happen behind hope training wonder.
Tanya Smith,brownross@example.com,+1-767-686-6833x359,"536 Beck Plaza West Thomasside, ND 93930",2002-08-29,681-50-4629,UBL,IRSR65387620649849,GB27TZOZ03624388899545,3599635239234879,073,50968,Chance hot soldier direction term product position opportunity their.
Elizabeth Spencer,mackenzie16@example.org,552-285-1154x056,"07215 Gary Field West Pamela, IL 29691",1993-12-29,133-02-4928,Standard Chartered,LLET29157239659589,GB15JCUA70915636875500,4007650530775094,390,53356,Body read through him clear wide oil matter list admit wind onto.
James Zhang,kmiller@example.net,+1-695-978-4335,"84491 Jacqueline Isle New Kimberlyshire, TX 84100",1956-12-19,355-37-6419,AL_Falah Bank,OPVX59323797132545,GB55UHLI36111101651464,30054005390142,412,53456,Man show provide work wide attorney thought.
Amanda Lutz,landerson@example.com,001-921-779-6331x5717,"0521 Katherine Cove Apt. 536 Stephenborough, AZ 13348",1992-10-14,745-15-8509,UBL,CCPO01816752688119,GB74DWRG36240613742938,6011806934914627,224,98086,Apply then believe fire require with specific minute relationship across lead.
Dennis Gonzalez,iavila@example.com,8264890843,"3455 Stokes Mill Glassstad, GA 56635",2005-06-18,830-85-6248,ABL,RGTM59863281624195,GB42EKVK91998566585458,4507710740886410895,265,52881,Let brother series design green cost war answer since.
Virginia Cuevas,ashley70@example.com,445.872.1269,"752 Raymond Squares Lake Tylerstad, WV 77282",1985-08-29,820-13-6781,ABL,KIAW24864023139160,GB56ERGH90676240583162,2401661439785809,084,98052,Various blue again western rise near chance group across.
Teresa Gordon,kenneth07@example.com,(887)922-1929x43792,"861 Eric Park Apt. 736 West Amandaside, FL 02503",1972-09-21,322-54-0692,Meezan,ZINM80390830856536,GB52IQXM97446711096412,2299199550876979,834,76327,Six goal heart imagine rather bit front international machine whose drop option choose.
Lindsay Smith,todd73@example.org,413-208-0500x6795,"06338 Thompson Camp Suite 964 West Savannahstad, ID 18853",1956-08-28,314-55-0800,Standard Chartered,LBXJ04460998461651,GB21OKMI87907909329446,639047396366,558,137850,Language free throughout top these scientist step sure.
Miguel Williams,emilywarner@example.net,882-816-4156x7671,USCGC Holland FPO AE 37364,1978-02-22,621-79-4303,Bank AlHabib,BWXD09317052278899,GB93WAGB33468288535379,373796895828061,825,122582,Gas build matter source maybe prevent agency.
Misty Coleman,jonesnicholas@example.com,537-677-8227x9932,"96629 Rodriguez Forges Moorebury, NY 54356",1970-03-09,898-95-4811,Bank AlHabib,YWNP81848458508131,GB79MKKB48657294784353,4939570713734953154,651,120085,Product push weight budget later within.
Shane Morris,justin69@example.org,(316)702-3473x037,"23745 Scott Circle Apt. 466 New Richard, OR 12704",2006-03-10,058-65-1702,Meezan,TOWQ90941980798032,GB21UGLK19565022306411,3511935060019190,100,114066,Evening some act especially environmental serious ground throw.
Teresa Curry,garysmith@example.com,(646)551-6931x3525,"380 Silva Rest Apt. 585 Port Karifurt, DC 27842",1958-08-01,806-65-4230,AL_Falah Bank,VLMY75613016972204,GB28OXJY33476173514883,3518418123912886,593,67576,Despite short door within actually responsibility sea compare after.
William Salazar,allisonlinda@example.com,+1-414-691-2479x19167,"PSC 3314, Box 3378 APO AA 09804",2002-06-06,106-98-1989,ABL,TNNP12929169656172,GB74TUKQ40588168134033,3540996025519281,148,108396,Without medical hit class now part power how through expert space surface simply.
George Estrada PhD,jean63@example.net,588.388.9919x12849,"6578 David Overpass Jaclynberg, TN 07843",1995-04-06,099-39-0970,Bank AlHabib,OMKZ24672125117877,GB27TRIB82893279218859,3534319057388640,123,82693,Successful film president under history assume create send along eye organization particularly.
Jacob Butler,amandaroberson@example.net,(699)644-8465x3614,"61077 Salinas Coves Jacksonchester, WA 29446",1960-10-18,725-84-8008,Standard Chartered,JQUN46324669344172,GB08FEQE33969806741802,5350012430224568,324,106434,Say set particularly by radio relate matter base moment of spend I.
Linda Fitzgerald,martinezpeter@example.com,7667620312,"15715 Brock Lodge Vazquezville, IA 53152",1988-10-15,085-65-0349,Bank AlHabib,YNDF22594450809357,GB09ERMR33988283138948,180077745278689,352,73622,Then yard shake bed less fear western act result often.
Jason Jackson,gracechavez@example.com,406.412.7220,"PSC 3817, Box 2381 APO AP 05886",1957-05-30,103-12-1111,Meezan,JZKW76247154064473,GB36WXOD89159533160912,4711080389073,232,71629,No piece eight offer wind tax score whatever history over manager.
Heather Roberts,tcollins@example.net,882-397-9284,"0685 Rush Mountain Kathytown, WA 75976",1970-02-18,646-73-5167,HBL,ZIFH79414561681548,GB15OPQX38288258657035,30568854743598,261,83877,Look weight it later medical lead.
Lisa Nelson,amy93@example.com,+1-744-276-4365,"050 Hensley Curve Apt. 132 West Meghanbury, AK 25662",1984-02-29,382-32-1671,ABL,DMTI46163502659303,GB38RRIW19299399451006,3535729325142646,335,125942,Control military floor glass size approach today.
Angela Ingram,kendralewis@example.org,+1-579-754-3499,"93911 Kenneth Glens West Lori, LA 47169",1957-10-05,449-44-9830,Standard Chartered,OSJF18314409184213,GB80RIOA89751775457745,2476734201147159,910,63699,Approach research customer kind open coach cold gun rule decide.
Ralph Collins,bryan98@example.com,898-993-0502x59859,"917 Teresa Glen South Christopherberg, AR 98688",1978-05-11,382-96-5942,Standard Chartered,ZZXZ74336057398529,GB90XRQD44096527666903,3544323920991364,021,52587,Bring cold laugh cup high affect shoulder.
Carrie Hancock,barretttheresa@example.net,332.359.7052x371,"4671 Rhonda Union Apt. 403 Robertberg, IN 81801",1965-09-07,820-83-7547,AL_Falah Bank,AFSL16152863186854,GB52HMYT32317818458794,4720576971301038878,249,67271,Rock method building coach old on professional public degree single himself usually.
Ryan Johnson,dbanks@example.org,001-651-285-6755x7845,"58548 Edward Mountain Stewartview, KY 65137",1976-11-26,389-67-4376,HBL,CZXS97645054027601,GB13NJFA62590375902972,4725272821685,013,140558,Live military bit teacher this explain family stand far walk.
Jesse Haley,david70@example.net,706.289.1246x6447,USCGC Everett FPO AE 30072,2004-06-24,772-74-9750,UBL,UFWK91978925557653,GB64ADSW08014502029184,3587449606963308,990,51295,Race tough behavior of suffer film hospital wife.
Jade Santiago,rebecca48@example.com,910-848-4354,"06594 Guerrero Route Apt. 325 North Sarah, AZ 13159",1994-07-25,562-17-2193,HBL,HHVQ56928352438490,GB52ADMQ90264760610663,4037417128205551,975,57534,Despite itself general late must agreement you identify.
Curtis Escobar,benjamingregory@example.net,001-696-382-6917x4835,"6351 Suzanne Avenue Travisfort, MA 46908",1957-06-06,115-44-7926,Bank AlHabib,RBGV82913709243153,GB97DDNX85148087763001,4295525756781062315,384,40271,Ahead with interesting rise person one course article within build.
Monica Williams,ibrown@example.net,203-613-2150x588,"28772 Gray Prairie Suite 011 Shannonshire, SD 36323",1995-09-13,568-51-7446,Standard Chartered,FYVM17620126704938,GB95NBWO42550896929833,373581496094143,415,77540,Later our life risk free military thing trial fast strong red employee tell.
Wendy Wilkinson,mitchellknapp@example.net,(492)641-7160x1885,"2798 Morrison Court North Charleston, CA 92149",1975-02-23,678-90-6859,Bank AlHabib,MRCF84187301207603,GB18UMYZ80517627952579,3587895268435516,2265,90428,Strong save structure environmental such ten just usually seat him lawyer when.
Bethany Chapman,ahill@example.org,+1-412-255-6082,"492 Christian Mountains Apt. 806 Lake Amychester, HI 95313",2001-12-30,457-62-0211,HBL,THFY42334614254697,GB04BZCN25918586597733,2707751942258518,466,87862,Kitchen method report really ever hot little cover.
Wendy Benton,thomasmelissa@example.com,(785)878-5400x499,"984 Jones Stream Martinburgh, MO 79449",1965-04-19,022-38-4956,Meezan,FQPJ72459860228011,GB08KTUE16957485374292,2713759309406838,379,137912,Author direction drug which red laugh husband page skill especially.
Craig King,hallpenny@example.net,(245)320-6289x990,"3937 Timothy Unions Apt. 866 Gibsonville, PW 18167",1971-07-17,455-81-2142,Meezan,PKYJ49617407444965,GB12ETKQ87250178302151,375881774723589,275,115610,Pay yes soldier put new relationship improve plan.
Ethan Brewer,hallkara@example.org,+1-223-442-8406,"28136 Holly Mountains Suite 187 Aprilport, AR 61653",1991-10-09,175-79-2022,AL_Falah Bank,RVLG21461181839676,GB95GBNO16732114432834,630403601564,452,112624,Or get section begin threat son level into chair real table avoid whose.
Christopher Haynes,susantucker@example.org,+1-567-534-6422,"24532 Ruiz Center Suite 350 Port Lindamouth, VA 88880",1956-02-22,444-65-3040,Standard Chartered,OOID05616891182541,GB80RIRD19004335069729,4999706308471868,674,87828,Life old low yard church north red accept score learn blood.
Xavier Jackson,jrogers@example.com,(530)458-1896x07603,"125 Taylor Landing Suite 310 North Todd, HI 11736",1982-12-14,716-29-4059,ABL,JSBY37623343360654,GB87BCEX78051708038196,213155663938640,642,96861,Animal threat over president audience affect.
Charlotte Mccoy,jennifermyers@example.org,426-766-5216x3628,"293 Julie Village Apt. 265 East Sandra, DC 86944",1976-08-03,802-99-6935,Meezan,PWPY89172329360792,GB24EMFB97907615385814,213117033129698,019,106011,Idea to return realize concern expert never generation garden position.
